ый,ий,ой
алк,алч
аптек,аптеч
рож,рж
армяк,армяч
рот,рт
багр,багор
бай,ба
байбак,байбач
бак,бач
балабол,балабош
балалай,балала
баламут,баламуч
бол,бал
балк,балоч
банк,баноч
баран,бараш
баранк,бараноч
барахл,барахол
барвинк,барвинок,барвиноч
барсук,барсуч
бархат,бархот
батог,батож
батрак,батрац,батрач
башн,башен
башмак,башмач
бд,бж
бег,беж
бед,бежд
бедер,бедр
бог,бож
бо,ба
бер,бир,бор,бр
берег,береж,бреж
ведр,вёдр
верх,верш
вед,веж,вежд,вест,вещ
ветер,ветр
кус,куш
влад,власт,волост
вод,вож
ворот,ворач,вороч,врат,вращ
дух,душ
мезд,мзд
вел,вл,вол
волос,влас
вред,веред,вреж,врежд
год,гож,гожд
езд,езж,ех
лез,лес,лаз
хаж,ход,хож,хожд
глав,голав,голов
голос,глас,глаш
гнезд,гнёзд
грех,греш
гроз,грож
да,даж
де,дё
деньг,денеж,деньж
дет,дит
дн,дон
каж,кажд,каз
дорог,дорож
дых,дыш
забот,забоч
вет,веч,вещ
кон,кан
прет,прещ
щит,щищ
звук,звуч
звезд,звёзд
зем,зём
лес,леш
лик,лиц,лич
мач,мат
мозг,мозж
млек,млеч,молок,молоч
мерз,мёрз,мораж,морож,мороз,мраз
мяс,мят
зр,зар,зер,зир,зор
пер,пёр,пар,пир,пор,пр
чин,ч
нож,ног
норав,норов,нрав
обид,обиж
облак,облач,оболоч
ма,ман
оборач,оборот,обрат,обращ
раж,раз
рек,реч,рош,риц,рок,роч
гля,гляд
говор,говар
ок,оч
ста,сто
вяз,вяж
кат,кач
лож,лег,лёг,леч,лаг,леж,лёж,лог
лег,лёг,леч,лаг,леж,лёж,лог,лож
лук,луч
наш,нес,нос,нош
ров,рв,ры
вотч,отец,отеч,отц,отч
чес,ч,чет,чёт,чит,чт
свес,свет,свеч,свещ
суд,суж,сужд
рож,рог
рож,род,рожд
ропот,ропт
руч,руш,рук
бы,бв
гор,гар
кор,кар
малк,малч,молк,молч
переч,перёк,прек,прёк,преч
ряж,ряд
сед,сиж,сад,саж,сажд,сёд,сес,сид,сяд
слав,слов,слы
тех,теш
уш,ух
чащ,част
ядер,ядр
язык,языч
игл,игол,ыгл
икр,ыкр
им,ым
интерес,ынтерес
искор,искр,ыскр
берег,береж,береч,брег,бреж,бреч
берез,берёз
берем,брем
берест,берёст
берлог,берлож
берц,бёрц
бес,беш
корм,карм
кост,кащ,кощ
край,кра
крас,краш
кров,кры
бий,бой,бь,би,бо,бь
перёк,переч,прек,прёк,преч
пёр,пер
пек,пёк,печ,пещ
пис,пиш
плам,полым
плач,плат
плод,плож
площ,плот
под,пода,подо,подъ
звон,звен
пока,поко
лез,льз
мещ,мест
моч,мог,мож,мощ
ше,ш,шед
щад,щаж
мес,ме,мет,мёт
п,пин,пон,пя
меш,мех,мес
страст,страд
тя,тяг,тяж,тяз
буд,бужд
влач,влек,влеч,волак,волок,волоч
игр,игор,ыгр
соп,с,сп,сып
серд,серж,серч
слов,слав,слы
след,слеж
ль,ле,ли,ло
слез,слёз
мор,мар,мир,мер,мёр
меч,мет
мысел,мысл,мышл
снег,снеж
знай,зна
сал,сол
сн,сон
союж,союз
серебр,сребр
тач,ток,тек,тёк,теч,тёч,точ
страст,страх,страш,стращ
стыд,стыж
сяг,сяж,сяз
ток,точ,тк,тык,тыч
толоч,толк
толк,толоч
треп,трёп
хитр,хищр
хребет,хребт
цве,цвес,цвет,цвеч
челн,чёлн
человек,человеч
череш,черен
чест,чеш
шв,шев,ши,шов
шерст,шёрст
бечев,бечёв
бирк,бироч
бирюк,бирюч
битюг,битюж
благ,блаж
блев,блёв
блес,блеск,блёск,блест,блёст,блист
близ,ближ
блох,блош
блуд,блужд,блюд
блюд,блюс,блюст
блях,бляш
бобёр,бобр
бодр,бадр
бок,боч
болван,болваш
болач,болот,болоч
болт,балт
болт,болч
бразд,борозд
борон,боран
борщ,барщ
бочаг,бочаж
браг,браж
бревн,бревен,бревеш,бревёш,брёвн
бред,брес,брод,брож
брех,брёх
брос,брас,брош
брыз,брызг
брюзг,брюзж
брюк,брюч
брюх,брюш
бряк,бряц
бубен,бубён,бубн
бублик,бублич
бугор,бугр
будк,будоч
буерак,буерач
букан,букаш
бук,буч
булк,булоч
булыг,булыж
бумаг,бумаж
бурк,бурч
бурлак,бурлац,бурлач
буч,бут
бык,быч
бяк,бяш
важ,ваг
вез,вож,воз,важ
вод,важ,важд,вед,вес,вож,вожд
ватаг,ватаж
ватрух,ватруш
вафел,вафл
вахлак,вахлац,вахлач
век,веч
верг,верж
верт,вер,верет,вёрт,верч
верст,вёрст
вечер,вечёр,вечор,вчер
ви,вой,вь,ви,во,вь
вид,вист
винт,винч
восем,восьм,осьм
выс,выш
г,гб,ги,гиб
глох,глух,глуш
гон,ган,гн
грыз,грыж
густ,гущ
долб,далб
дви,двиг,движ,двиз
дол,дл
сыт,сыщ
дох,дош
дребезг,дребезж
друг,друж
дер,дёр,дерг,дёрг,дёрж,дир,дор,дорог,др
ведр,ведёр,вёдр
верблюд,верблюж
верв,верёв
верезг,верезж,верещ
верет,врет
верст,верз
весел,весёл
весел,вёсел,весл
весен,весн,вешн
вес,вёш
вес,вс
ветх,ветош,ветш
вех,веш
вес,веш
жа,жим,жм,жом
пёр,пар,пор,пер,пир,пр
пуст,пущ,пуск
сас,сос
хлеб,хлёб
визг,визж
ворох,вораш,ворош
вой,вы,во,вы
грем,гром
громад,громожд,громозд
дорог,дорож,драж
дрог,драг,дрож
дрем,дрём
друч,дрюч
дым,дм
лам,лом
лес,лаз,лез
лет,лёт
мал,мол
мах,маш
мок,моч,мач
мощ,мащ,мост
мет,ме,мес,мёт
моч,мач,мок
мащ,мощ,мост
мат,мот
мок,мач,моч
муч,мут,мущ
мут,муч,муш
мо,мов,мы
мет,мес,ме,мёт
нос,наш,нес,нош
но,ны
и,ид,й,йд,ыд
рос,рас,ращ,рощ
рев,рёв
реж,рез
ре,ри,ро,рь
рас,ращ,рос,рощ
ед,е,ес,я,яд
ерош,ерш,ёрш
зв,зов,зыв
игор,игр,ыгр
иск,ищ,ыск,ыщ
им,ым,ем,ём,йм,ним,нулевойкорень,ня,я
витий,вити
вишн,вишен
кол,кал
ка,кап
коп,кап
кос,каш,кош
ки,кид
кла,клад,клаж,клас
клей,кле
клеп,клёп
клюк,ключ,клюш
ков,ку
когот,когт
колот,колач,колоч
корен,кореш,корн
корот,корач,короч,крат,кращ
крад,краж,крас
крой,кра,кро,кра
кроп,крап
круж,круг
крут,круч
влаг,влаж,волаж,волг,волож
лож,лёг,леч,лаг,лег,леж,лёж,лог
ль,лип
мор,мар,мер,мир,мер
мес,мех,меш
мест,мещ
мг,ми,миг
мя,мин
мощ,моч,мог,мож
мин,мя
хлест,хлёст
вон,вн
низ,ниж
ноч,ник,ниц,нич,нк
им,я,ым,ем,ём,йм,ним,нулевойкорень,ня
внук,внуч
ух,уш
нюх,нюш
друж,друз
вой,во
вожж,важж
жад,жажд
жг,жеч,жж,жиг,жог
лож,лег,лёг,лёч,лаг,леж,лёж,лог
лож,лег,лёг,лаг,леж,лёж,леч,лог
мощ,мог,мож,моч
город,гораж,горож,град,гражд
облад,област
мин,мя,мн
раз,раж
им,я,ем,ём,йм,ним,нулевойкорень,ня,ым
войлок,войлач,войлоч
волк,волч
волшеб,волшб
лег,лёг,льг
нож,низ,нз,ноз
вон,ван
плот,площ
праш,прос,прош
прос,праш,прош
ворк,ворч
враг,враж,вражд,ворог
ворож,вораж
ворот,врат
ворс,ворш
клик,клиц,клич
воск,ващ,вощ
крес,креш
по,пе
пич,пищ,пит
плес,плеск,плёск
па,пи,по,пь
мя,мин,мн
пря,пряд
сиж,сад,саж,сажд,сед,сёд,сес,сид,сяд
зд,зид,зижд,зод
сл,сол,сыл
тач,точ,тек,тёк,теч,тёч,ток
торж,торг
торг,торж
тереб,треб
остр,вастр,востр,ощр
хит,хич,хищ
хот,хоч
ш,ше,шед
отец,вотч,отеч,отц,отч
вош,вш
па,пас,пад,паж,пащ
по,па
палз,полз,полоз
пас,па,пад,паж,пащ
парх,порх,порш
па,пад,паж,пас,пащ
перед,перёд,переж,пред,преж,прежд
меж,межд
по,па,пи,пь
пер,пёр,пар,пор,пир,пр
пеш,пих,пх
пла,плав,плов,плы
плес,плеск,плеск
плот,плач,плес,плет,плёт,плоч
плес,плот,плач,плет,плёт,плоч
пых,пыш
поражн,порожн,пражн,праздн
тем,тём,тм,тьм
прыг,прыж
скак,скач,скок,скоч
тер,тр,тёр,тир,тор
голод,глад,глод
желт,жёлт,желч,жёлч
прок,проч
сач,сак
черн,чёрн
прыс,прыск,прыщ
пряж,пряг,пряч
пря,пряж,пряд,пряс
пряг,пряж,пряч
пря,пряд,пряж,пряс
пущ,пуст
пущ,пуск,пуст
пят,пяч
лад,лаж
вр,вир
плош,плох
соп,сып
трух,трус,труш
ров,рав
раз,роз
руш,рук,руч
сач,сок,соч
сел,сёл
седм,седьм,сем
клекот,клёкот,клокот
клок,клоч
скальз,скольж,скольз
крик,крич
слад,слажд,сласт,слащ,солаж,солод,солож,солощ
слух,слуш,слых,слыш
сматр,смотр
сов,су
пор,пар
паш,пах
пах,паш
плач,плак
полос,поласк,полоск
поласк,полос,полоск
полох,полош,полых
мин,мн,мя
пар,пор
пуг,пуж
пух,пуш
пук,пуч
таск,тасч,тащ
тощ,тоск
стра,стро
тревог,тревож
встрет,встреч
трус,трух
тряс,трях
сох,сух,суш,сых
сук,суч
толк,толоч,талк,толок,толч
топ,тап
ток,точ,тач,тек,тёк,теч,тёч
тач,ток,точ,тек,тёк,теч,тёч
тр,тер,тёр,тир,тор
тес,тёс
тис,тиск,тисоч
тих,тиш
толоч,талк,толк,толок,толч
толк,талк,толок,толоч,толч
тап,топ
торач,торок,тороч
тороп,торап
трес,треск,трещ
туг,туж
холащ,холост,холощ
цед,цеж
чёрт,черт,черч
черт,чёрт,черч
четвер,четвёр,четыр
чист,чищ
чуд,чуж,чужд
вя,вяд
гат,гач
глад,глаж
гни,гна,гной,гни,гна,гно
граб,греб,грёб,грес,гроб
груз,груж
дой,да,до,да
жа,жин,жн
жд,жид
жереб,жерёб
жр,жир,жор
звен,звон,зван
здоров,здорав,здрав
злат,злащ,золач,золот,золоч
зуд,зуж
вый,вы
канюк,канюч
копот,капч,копт,копч
кашел,кашл
клев,клёв,клю,клюв
колос,колаш,колош
крест,крёст,крещ
крох,крош
куп,ку
лав,лов
лос,лащ,лоск,лощ
леч,лек
лащ,лос,лоск,лощ
луж,луд
мор,мер,мир,мар,мёр
мол,мал,мел
мещ,мест,мст,мщ
мест,мещ,мст,мщ
мор,мар,мер,мёр,мир
молоч,молач,молот
мал,мел,мол
мар,мер,мир,мёр,мор
мер,мерек,мереч,мерк,мерц,морач,морок,мороч,мрак,мрач
мук,муч
нож,нз,низ,ноз
нуд,нуж,нужд
пол,пал
плат,плач
пле,плев,плёв,плю
плев,пле,плев,плю
плев,пле,плёв,плю
пал,пол
потрох,потрош
праст,прост,прощ
сва,сво
свист,свищ
свобод,свобожд
сек,сеч
сед,сад,саж,сажд,сёд,сес,сид,сиж,сяд
скабл,скобел,скобл
скреб,скрёб,скрес
сол,сл,сыл
слуг,служ
смал,смол
смарк,сморк,смороч,сморч
пер,пёр,пор,пар,пир,пр
соп,сып,с,сп
стеж,стёж,стяж,стег,стёг
сл,стел,стил,стл,стол
строг,струг,струж,страг,строж
страч,строк,строч
стриж,стриг,стрич
стриг,стриж,стрич
струг,струж,страг,строг,строж
строг,струж,страг,строж,струг
студ,стуж
туч,тук
стег,стеж,стёж,стяж,стёг
танец,танц
тверд,твёрд,тверж,твержд
твор,твар
тверёз,трезв
уж,уд
утюг,утюж
ук,уч
франт,франч
хлад,хлажд,холаж,холо,холод,холож
цвё,цвес,цвет,цвеч
черк,чёрк
чес,чёс,чеш
ч,чес,чет,чёт,чит,чт
чох,чих,чх
шаг,шаж
шелух,шелуш
шут,шуч
щелач,щёлок,щелоч,щёлоч
щелк,щёлк,щелч
вьюк,вьюч
гад,гаж
гаеч,гайк
гальк,галеч
галк,галоч,галч
галстук,галстуч
гас,гаш
гост,гащ,гощ
гвозд,гвожд
герой,геро
глот,глат,глощ
гнёт,гнес,гнет
гнус,гнуш
говяд,говяж
гой,го
гол,гал
горностай,горноста
горох,горош
горст,горш
господ,госпож
готов,готав
грез,грёз
грек,грец,греч
гряд,гря,гряс
гумн,гумен,гумён
гусл,гусел
гусениц,гусенич
дегот,дёгот,дегт
деж,дёж
ден,дён,дн
дерев,древ
десн,дёсен
дешев,дешёв
дик,дич
добр,дабр
жв,жев,жёв
квас,кваш
кук,куч
долг,долж
долг,долж,далж
лед,лёд,льд
наг,наж
нон,нын
оруд,оруж
пазд,позд
тон,то,топ
пуст,пуск,пущ
сол,сал
доск,дощ
стиг,стиж,стич
тук,туч
досуг,досуж
тл,тол
траг,тро,трог
доч,дч,дщ
драж,драз
дрог,дрож
дрожд,дрожж
дуг,дуж
дьяк,дьяч
дятел,дятл
еж,ёж
е,ё
ел,ёл
елей,еле
ерес,ерет
жабр,жабер
желвак,желвач
желез,желёз
желоб,жёлоб
желудок,желудоч
желуд,жёлуд
жемчуг,жемчуж
жен,жён
жерд,жёрд
жреб,жереб
жерл,жерел
жернов,жёрнов
жестк,жёстк,жесток,жесточ
жид,жиж
жук,жуч
зев,зёв
извест,извёст,ызвест
инд,ин,ынд
искр,искор,ыскр
кавык,кавыч
кадык,кадыч
кик,кич
клят,кляс
конопат,конопач
копёр,копр
корюк,корюч
кут,куч
ласт,лащ,ласк,ласоч
лож,лыж,лг,лж,лыг
лепет,лепёт
лих,лиш
ляг,ляж
матер,матёр,матор
мельк,мельт
мет,меч
мок,мыч,моч,мк,мык
мыч,моч,мк,мок,мык
марг,морг
мок,мыч,мк,моч,мык
мащ,мост,мощ
мусл,мусол
мош,мох,мш
недуг,недуж
ноч,нощ
один,одн
озер,озёр
вастр,востр,остр,ощр
пазух,пазуш
пак,пач
паук,паут,пауч
пелен,пелён
перх,перш
пестр,пёстр,пещр
петел,петл
пищ,пит,пич
пищ,писк
плат,полот
плесен,плесн
плёк,плеч
плес,плач,плет,плёт,плот,плоч
плен,полон
пораш,порох,порош,прах
поражн,порбжн,пражн,праздн
точ,тч
пруж,пруд
реч,рош,рек,риц,рок,роч
рек,реч
рек,рош,реч,риц,рок,роч
решет,решёт,решеч
рыс,рыск
рык,рыч
сар,сор
скваж,сквоз
сон,сып,с,сп
соп,сап
сором,срам
стекл,стёкл,стекол
стог,стож
стен,стан,стон
стрек,стреч
стег,стеж,стяж,стёг,стёж
сусл,сусол
таёж,тайг
затей,зате
тепел,тепл,тепл
точ,тк,ток,тык,тыч
тон,то,тон
тон,топ,то
тормаж,тормож,тормоз
торец,торц
трат,трач
треск,трес,трещ
труд,труж,тружд
туш,тух,тх
тух,туш,тх
тюк,тюч
флаг,флаж
фыр,фырк,фырч
хвар,хвор
хоран,хорон,хран
хохат,хохот
храм,хром
хруст,хрущ
худ,хуж
цык,цыц
черед,черёд,чред,чрежд
черств,чёрств
чёрт,черт
чехл,чехол
ч,чин
чел,чёл
шеп,шёп
шик,шк
шлеп,шлёп
щебен,щебён
щегол,щёгол
щекот,щёкот
щек,щёч
е,ес,я,ед,яд
здес,здеш
зерн,зёрн
злак,злач
зуй,зу
зык,зыч
изб,ызб
мошен,мошн,мошон
мяг,мяк
ник,ниц,нич,нк,ноч
нег,неж
рес,рет
реж,ред
рыж,рыг
икр,икор
каж,каз
калек,калеч
лб,лоб
порт,порч
трус,трух,труш
ишак,ишач
июл,ыюл
июн,ыюн
каблук,каблуч
кад,кажд
казак,казат,казац,казач
казн,казён
каём,кайм
кач,как
камк,камч
канар,кенар
кап,ка
карач,корок,короч
карман,кармаш
картоф,картош
кос,кас
каторг,каторж
кий,ки
кисей,кисе
кишк,кишеч
клон,клан
клен,клён
клест,клёст
клык,клыч
книг,книж
княг,княж,княз
ковёр,ковр
ковриг,ковриж
ковчег,ковчеж
койк,коеч
колодец,колодез
колон,колонн
колпак,колпач
колымаг,колымаж
копейк,копееч
корабл,корабел
корчаг,корчаж
корчем,корчм
коряк,коряч
костр,костёр
котел,котёл,котл
кот,кош
кофей,кофе
кочевряг,кочевряж
кочерг,кочерёж
кошел,кошёл
кошм,кошом
кремен,кремеш,кремн
кресел,кресл
крин,крын
крот,крощ
крюк,крюч
кудел,кудл
кукол,кукл
кулак,кулац,кулач
кулиг,кулиж
кулик,кулич
мек,мёк
куропат,куропач
куст,кущ
кушак,кушач
лад,лод
ладон,ладош
лазор,лазур
лащ,ласк,ласоч,ласт
лачуг,лачуж
лебед,лебёд,лебяж
лебед,лебед,лебяж
лебез,лобз,лобыз
лев,льв
лёг,лег,льг
ль,лб,ле,ли
лемех,лемеш
лен,лён,льн
лез,лаз,лес
лещ,лест,льет,льщ
лодыг,лодыж
ложеч,ложк,ложч
лыж,лг,лж,лож,лыг
локач,локот,локт
лопат,лопач
лопух,лопуш
лотк,лоток,лоточ
луж,луг
луч,лук
лык,лыч
лещ,лест,льст,льщ
ле,ли,ло,ль
магнит,магнич
маклак,маклач
марк,мароч
мартыш,мартын
мащ,маст
матрас,матрац
махр,махор
махор,махр
мат,мач
мебел,мебл
мед,мёд
мед,мед
мереж,мерёж,мреж
мерлух,мерлуш
месяц,месяч
меш,мех
мех,меш
мдлод,млад,молаж,молож
молоч,млек,млеч,молок
мног,множ
млад,молаж,молод,молож
молач,молот,молоч
монах,монаш
мосл,мосол
мотыг,мотыж
мох,мош,мш
муч,мук
мурав,мураш
мух,муш
мыщелк,мыщелок
мят,мяс
би,бо,бь
ви,во,вь
вык,выч
гни,гна,гно
до,да
почеч,почк
ребер,рёбер,ребр,рёбр
наждак,наждач
кро,кра
маст,мащ
обет,обещ
перч,перст,пёрст
переч,перец,перц,перч
помад,помаж
пруж,пруг
рек,реч,рощ,риц,рок,роч
род,рож,рожд
ртут,ртуч
руш,рух
сла,сло
смерд,смород,смрад
собак,собач
стерег,стереж,стереч,стораж,сторож,страж
сторон,стран
сут,сущ
тач,ток,точ,тёк,тёк,теч,тёч
угл,угол
уст,усь,уш
уст,усь,ущ
фабрик,фабрич
хол,хал
хохл,хохол
шпиг,шпик
неб,нёб
обык,обыч
вад,важ
рях,ряш
тел,тёл
низ,нз,нож,ноз
обер,обёрт
чест,чещ
облек,облеч
лож,лг,лж,лыг,лыж
ман,ма
саб,соб
решет,решет,решеч
строг,струг,страг,строж,струж
угол,угл
уз,уж
уж,уз
обух,обуш
инд,йн,ынд
оберт,обёрт
овраг,овраж
овёс,овс
огн,огон
олеш,ольх,ольш
пеш,пех
полк,полч
серед,серёд,сред
пробк,пробоч,пробч
пен,пён,пн
орех,ореш
орёл,орл
рош,рос
рос,рош
свинец,свинц,свинч
свят,свяч,свящ
осетр,осётр
осёл,осл
снаст,снащ
во,вы
мок,моч,мк,мык,мыч
стег,стёж,стяж,стёг,стеж
тепел,тепл,тёпл
ток,тк,точ,тык,тыч
хлыст,хлыщ
хораш,хорош
очаг,очаж
шарах,шараш
шелом,шлем
щен,щён
щет,щёт
ощут,ощущ
палат,полат
папк,папоч
пег,пеж
пеклев,пеклёв
пелес,пелёс
пельмен,пельмеш
перепел,перепёл
трух,трус
перч,переч,перец,перц
перч,перец,переч,перц
пер,пар,пор,пер,пир,пр
перст,пёрст,перч
пес,пёс,пс
пес,пес,пс
пич,пик
пирог,пирож
пич,пит,пищ
плах,плаш
плев,полов
плен,плён
плиц,плич
площ,плоск
плуг,плуж
плющ,плюс,плюск
плюс,плюск,плющ
лест,лещ,льст,льщ
подог,подож
плек,плеч
свекл,свёкл,свекол
стакан,стакаш
тюрем,тюрьм
черев,черёв,чрев
ярем,ярм
полен,полеш
полутор,полтор
полтор,полутор
лож,лег,леч,лаг,лёг,леж,лёж,лог
мес,меш,мех
рек,реч,риц,рок,роч,рош
переч,перек,прек,прёк,преч
переч,перёк,прек,прек,преч
порог,порож
сажен,сажён
серёд,серёд,сред
сет,сещ
смак,смач
сот,ст
сох,сош
стрем,стром
тач,так,тат
так,тат,тач
толст,толщ
хоробр,храбр
штук,штуч
вор,вар
па,по
спиц,спич
стег,стеж,стёж,стёг,стяж
част,чащ
прорех,прореш
стер,стёр,стир,стор
чик,чк
щел,щёл
пряд,пряж,пря,пряс
пург,пурж
пушеч,пушк
пуст,пущ
пчел,пчёл
пшен,пшён
радуг,радуж
израд-о-душ-,радуш
роз,раз
рач,рак
шебен,щебён
редеч,редьк
реч,рек
реснит,ресниц,реснич
рв,ров,ры
рогож,рогоз
рж,рож
росомах,росомаш
руч,рук,руш
рынок,рыноч
рычаг,рычаж
рюх,рюш
сабел,сабл
сапог,сапож
свёкор,свекр
севрюг,севрюж
сем,седм,седьм
селезёнк,селезёноч
селёд,сельд
сермяг,сермяж
серёж,серьг
сиж,сиг
сиг,сиж
ситец,ситц,ситч
скатер,скатёр
сквалыг,сквалыж
скоморох,скоморош
скряг,скряж
слов,слав
слобод,слобож
слав,слов
смокв,смоков
сып,соп
сороч,сорок
сорок,сороч
сосен,сосён,сосн
твораж,творог,творож
стёж,стег,стез
стег,стёж,стез
стан,стен,стон
стержен,стержн
стерляд,стерляж
стерн,сторн
тращ,трост,трощ
стрем,стрём
струж,струг
струг,струж
стяж,стяг
судак,судач
суч,сук
суматох,суматош
сундук,сундуч
сурк,сурок,суроч,сурч
сыч,сыт
сыт,сыч
сычуг,сычуж
сёмг,сёмж,сёмуж
табак,табач
тамг,тамож
таракан,таракаш
телег,тележ
терн,тёрн
тест,тёщ
тесём,тесьм
тетер,тетёр
тет,тёт
требух,требуш
тер,тёр,тир,тор,тр
трутен,трутн
туфел,туфл
тыкв,тыков
тысч,тысяц,тысяч
угр,угор
угор,угр
ласт,ласк,ласоч,лащ
сып,с,соп,сп
фартук,фартуч
фляг,фляж
фортк,форточ
фуражеч,фуражк
хляс,хляск,хляст
холст,холщ
хомяк,хомяч
храм,хором
хряк,хряч
хряск,хряст,хрящ
церкв,церков
цифир,цифр
чабёр,чабр
чаеч,чайк
чапыг,чапыж
чебот,чёбот
чепец,чепеч,чепч
чепух,чепуш
чердак,чердач
чечевиц,чечевич
чечет,чечёт
чих,чох,чх
чулок,чулоч
черт,чёрт
шанеж,шаньг
шатёр,шатр
шворен,шворн,шкворен,шкворн
шелк,шёлк,шелч
шершен,шершн
шинк,шинок
шофер,шофёр
шпаг,шпаж
щегол,щегл
щуч,щук
юбк,юбоч,юбч
юг,юж
яич,яйц
ярлык,ярлыч
ярмарк,ярмароч
ярыг,ярыж
ясел,ясл
е,ес,ед,я,яд
ящик,ящич
